,Actual,Predicted
0,0.368794322,0.37578885045964616
1,0.0,0.006926954792661755
2,0.0,0.006926954792661755
3,0.0286,0.006926954792661755
4,0.37197452799999997,0.3625774645116883
5,0.395390064,0.4138376419897649
6,0.0,0.006926954792661755
7,0.406565666,0.422292928996458
8,0.32902297399999997,0.331927049112426
9,0.39646464600000003,0.4302197605652327
10,0.486825585,0.4302197605652327
11,0.323149234,0.37526039502172787
12,0.0,0.006926954792661755
13,0.335113496,0.4064392658589085
14,0.35604113299999995,0.3715612069562997
15,0.42031523600000004,0.38054494940091105
16,0.534802794,0.45505716614739355
17,0.490783423,0.4355043149444159
18,0.427648574,0.4085530876105818
19,0.0,0.006926954792661755
20,0.326873392,0.390585602721359
21,0.34214618799999996,0.2928213467064706
22,0.361508459,0.3731465732700546
23,0.457861632,0.4349758595064976
24,0.0,0.006926954792661755
25,0.0,0.006926954792661755
26,0.49512195600000003,0.442374235637354
27,0.0,0.006926954792661755
28,0.0,0.006926954792661755
29,0.0,0.006926954792661755
30,0.0,0.006926954792661755
31,0.0,0.006926954792661755
32,0.0,0.006926954792661755
33,0.490470141,0.4529433443957203
34,0.325665861,0.3736750287079729
35,0.389851481,0.4133091865518466
36,0.40206185,0.321886395791978
37,0.0326,0.006926954792661755
38,0.357052088,0.40802463217266344
39,0.0,0.006926954792661755
40,0.473225415,0.46034172052657674
41,0.34662997700000003,0.400626256041807
42,0.340632617,0.3863579592180125
43,0.0,0.006926954792661755
44,0.353155345,0.43180512687898764
45,0.351092905,0.44818724545445543
46,0.310030401,0.3689189297667081
47,0.39098838,0.3958701571005422
48,0.0326,0.006926954792661755
49,0.34980493799999995,0.382130315714666
50,0.0,0.006926954792661755
51,0.36131933299999996,0.3472522568120571
52,0.351092905,0.44448805738902725
53,0.479468584,0.4376181366960891
54,0.35071706799999997,0.4064392658589085
55,0.475124389,0.42599211706188617
56,0.0,0.006926954792661755
57,0.507334948,0.44448805738902725
58,0.41850829100000003,0.42070756268270304
59,0.0,0.006926954792661755
60,0.380195588,0.3853010483421759
61,0.425584257,0.4492441563302921
62,0.0,0.006926954792661755
63,0.5300230979999999,0.4217644735585397
64,0.497518599,0.4619270868403317
65,0.37350994299999996,0.4244067507481312
66,0.472887754,0.4191221963689481
67,0.430825233,0.4349758595064976
68,0.425584257,0.46879700753326975
69,0.0,0.006926954792661755
70,0.5300230979999999,0.4355043149444159
71,0.504999995,0.46562627490575986
72,0.408668727,0.4027400777934803
73,0.495337993,0.42546366162396787
74,0.371077776,0.392170969035114
75,0.348557681,0.392170969035114
76,0.0,0.006926954792661755
77,0.0,0.006926954792661755
78,0.479468584,0.4503010672061287
79,0.511656463,0.4534717998336386
80,0.356852114,0.3594067318841784
81,0.407360405,0.42863439425147776
82,0.35071706799999997,0.36204900907376997
83,0.41850829100000003,0.4111953648001733
84,0.0,0.006926954792661755
85,0.0,0.006926954792661755
86,0.427648574,0.4228213844343763
87,0.510948896,0.40432544410723525
88,0.334137529,0.3847725929042576
89,0.389851481,0.42123601812062134
90,0.0,0.006926954792661755
91,0.575262547,0.4698539184091064
92,0.0,0.006926954792661755
93,0.41850829100000003,0.42810593881355946
94,0.0,0.006926954792661755
95,0.32819905899999996,0.3609920981979333
96,0.0,0.006926954792661755
97,0.41251596799999996,0.4429026910752723
98,0.34857142,0.3551790883808319
99,0.347066164,0.36204900907376997
100,0.35071706799999997,0.40802463217266344
101,0.523002446,0.42810593881355946
102,0.605140209,0.43127667144106935
103,0.0,0.006926954792661755
104,0.0,0.006926954792661755
105,0.0,0.006926954792661755
106,0.0,0.006926954792661755
107,0.35427135200000004,0.34091079155703735
108,0.0,0.006926954792661755
109,0.523002446,0.4191221963689481
110,0.473225415,0.41806528549311145
111,0.0,0.006926954792661755
112,0.0,0.006926954792661755
113,0.39646464600000003,0.43656122582025253
114,0.479468584,0.4159514637414382
115,0.36602211,0.4027400777934803
116,0.0326,0.006926954792661755
117,0.46200981700000004,0.45135797808196537
118,0.0,0.006926954792661755
119,0.34239801799999997,0.37473193958380957
120,0.0,0.006926954792661755
121,0.407360405,0.4217644735585397
122,0.45655608200000003,0.3953417016626239
123,0.0,0.006926954792661755
124,0.0,0.006926954792661755
125,0.37350994299999996,0.3794880385250744
126,0.396887153,0.7488783896299771
127,0.0,0.006926954792661755
128,0.0,0.006926954792661755
129,0.310924381,0.40696772129682685
130,0.0,0.006926954792661755
131,0.506738544,0.4529433443957203
132,0.0326,0.006926954792661755
133,0.317948729,0.4000978006038887
134,0.5615292789999999,0.46298399771616827
135,0.326979458,0.38371568202842093
136,0.355909705,0.3963986125384605
137,0.5300230979999999,0.42546366162396787
138,0.286144584,0.5908702136924007
139,0.0,0.006926954792661755
140,0.0,0.006926954792661755
141,0.0,0.006926954792661755
142,0.5752426979999999,0.4265205724998045
143,0.374064833,0.3736750287079729
144,0.490470141,0.4228213844343763
145,0.0,0.006926954792661755
146,0.50746268,0.31448801966112155
147,0.377693295,0.30444736634067354
148,0.34239801799999997,0.42810593881355946
149,0.0,0.006926954792661755
150,0.5615292789999999,0.46456936402992327
151,0.35071706799999997,0.40802463217266344
152,0.44936707600000003,0.43920350300984407
153,0.37350994299999996,0.4090815430485001
154,0.575262547,0.440788869323599
155,0.39240506299999994,0.2996912673994087
156,0.395390064,0.3789595830871561
157,0.47482013700000003,0.42863439425147776
158,0.357440889,0.4164799191793565
159,0.0,0.006926954792661755
160,0.0,0.006926954792661755
161,0.34793815,0.34038233611911906
162,0.37516689299999995,0.41753683005519315
163,0.5615292789999999,0.4265205724998045
164,0.0,0.006926954792661755
165,0.5300230979999999,0.4540002552715569
166,0.387533873,0.4296913051273144
167,0.357440889,0.4302197605652327
168,0.0,0.006926954792661755
169,0.0,0.006926954792661755
170,0.356147021,0.432333582316906
171,0.573598146,0.4460734237027822
172,0.490470141,0.4402604138856807
173,0.0,0.006926954792661755
174,0.342500001,0.37790267221131946
175,0.374064833,0.4164799191793565
176,0.41796875,0.2822522379481043
177,0.0,0.006926954792661755
178,0.466666669,0.4402604138856807
179,0.0,0.006926954792661755
180,0.490783423,0.42123601812062134
181,0.32262212,0.40749617673474514
182,0.0,0.006926954792661755
183,0.0,0.006926954792661755
184,0.332552701,0.36997584064254474
185,0.490470141,0.43391894863066094
186,0.0,0.006926954792661755
187,0.526251554,0.44713033457861884
188,0.333333343,0.5882279365028091
189,0.44936707600000003,0.4381465921340075
190,0.37350994299999996,0.39164251359719565
191,0.346049041,0.41489455286560156
192,0.430825233,0.41806528549311145
193,0.38345864399999996,0.4228213844343763
194,0.0,0.006926954792661755
195,0.339901477,0.3874148700938491
196,0.510948896,0.41542300830351986
197,0.355810612,0.36839047432878974
198,0.343522549,0.35465063294291355
199,0.42019099,0.39692706797637883
200,0.0326,0.006926954792661755
201,0.361001313,0.43867504757192577
202,0.0,0.006926954792661755
203,0.0,0.006926954792661755
204,0.356147021,0.37790267221131946
205,0.0,0.006926954792661755
206,0.0326,0.006926954792661755
207,0.313157886,0.42123601812062134
208,0.35239362700000004,0.3768457613354828
209,0.41796875,0.3266424947332428
210,0.335388422,0.37790267221131946
211,0.507334948,0.4370896812581708
212,0.490470141,0.41436609742768327
213,0.510948896,0.45135797808196537
214,0.472955972,0.42123601812062134
215,0.38804072100000003,0.41753683005519315
216,0.0,0.006926954792661755
217,0.0,0.006926954792661755
218,0.0,0.006926954792661755
219,0.0,0.006926954792661755
220,0.0,0.006926954792661755
221,0.0,0.006926954792661755
222,0.38010898200000004,0.38900023640760406
223,0.575262547,0.4376181366960891
224,0.0,0.006926954792661755
225,0.348780483,0.38847178096968576
226,0.41850829100000003,0.41806528549311145
227,0.0,0.006926954792661755
228,0.34944239299999996,0.4059108104209902
229,0.0,0.006926954792661755
230,0.0,0.006926954792661755
231,0.49512195600000003,0.4228213844343763
232,0.466898948,0.442374235637354
233,0.382133991,0.3742034841458912
234,0.46200981700000004,0.42123601812062134
235,0.518613577,0.46087017596449503
236,0.0,0.006926954792661755
237,0.0,0.006926954792661755
238,0.0,0.006926954792661755
239,0.553637505,0.450829522644047
240,0.526251554,0.4397319584477624
241,0.37350994299999996,0.40749617673474514
242,0.0,0.006926954792661755
243,0.37350994299999996,0.4434311465131906
244,0.0,0.006926954792661755
245,0.36500001,0.4059108104209902
246,0.355810612,0.40696772129682685
247,0.458646625,0.4170083746172748
248,0.41251596799999996,0.42070756268270304
249,0.41251596799999996,0.41436609742768327
250,0.366626054,0.34038233611911906
251,0.321727008,0.29387825758230723
252,0.36849314,0.4466018791407005
253,0.37350994299999996,0.4370896812581708
254,0.356147021,0.38107340483882934
255,0.0326,0.006926954792661755
256,0.326979458,0.38424413746633923
257,0.0,0.006926954792661755
258,0.490470141,0.4333904931927426
259,0.0,0.006926954792661755
260,0.37516689299999995,0.4466018791407005
261,0.0,0.006926954792661755
262,0.360208064,0.3963986125384605
263,0.390524954,0.3155449305369582
264,0.0,0.006926954792661755
265,0.490783423,0.46509781946784157
266,0.45293316200000006,0.40749617673474514
267,0.39158999899999997,0.44395960195110895
268,0.512514889,0.4561140770232302
269,0.5615292789999999,0.4244067507481312
270,0.0,0.006926954792661755
271,0.332070708,0.37737421677340116
272,0.354883075,0.32452867298156957
273,0.424757272,0.4117238202380917
274,0.0,0.006926954792661755
275,0.395390064,0.41436609742768327
276,0.314189196,0.3181872077265498
277,0.0,0.006926954792661755
278,0.47139588,0.45769944333698515
279,0.506650567,0.4635124531540866
280,0.0,0.006926954792661755
281,0.33948338,0.37737421677340116
282,0.488943487,0.4296913051273144
283,0.0,0.006926954792661755
284,0.329700261,0.39375633534886895
285,0.0,0.006926954792661755
286,0.41850829100000003,0.4138376419897649
287,0.37066665299999996,0.28013841619643104
288,0.39158999899999997,0.42810593881355946
289,0.45343679200000003,0.45505716614739355
290,0.490470141,0.4244067507481312
291,0.35742443799999996,0.40802463217266344
292,0.0326,0.006926954792661755
293,0.475124389,0.43867504757192577
294,0.0286,0.006926954792661755
295,0.411764711,0.42334983987229463
296,0.0,0.006926954792661755
297,0.0326,0.006926954792661755
298,0.0,0.006926954792661755
299,0.357052088,0.40432544410723525
300,0.0,0.006926954792661755
301,0.359520644,0.42334983987229463
302,0.370186329,0.4302197605652327
303,0.0,0.006926954792661755
304,0.0136,0.006926954792661755
305,0.326979458,0.3794880385250744
306,0.0286,0.006926954792661755
307,0.0,0.006926954792661755
308,0.44936707600000003,0.4492441563302921
309,0.0,0.006926954792661755
310,0.488461524,0.44501651282694554
311,0.0,0.006926954792661755
312,0.359520644,0.4360327703823342
313,0.430825233,0.40696772129682685
314,0.386666656,0.2838376042618592
315,0.359605908,0.32769940560907945
316,0.526251554,0.44184578019943566
317,0.490783423,0.44448805738902725
318,0.0326,0.006926954792661755
319,0.0,0.006926954792661755
320,0.0,0.006926954792661755
321,0.0136,0.006926954792661755
322,0.424757272,0.4434311465131906
323,0.370186329,0.41436609742768327
324,0.0,0.006926954792661755
325,0.352459013,0.35782136557042343
326,0.36849314,0.4164799191793565
327,0.411764711,0.450829522644047
328,0.326873392,0.3990408897280521
329,0.0,0.006926954792661755
330,0.0,0.006926954792661755
331,0.357440889,0.39375633534886895
332,0.423913032,0.3609920981979333
333,0.366715759,0.3625774645116883
334,0.366715759,0.7557483103229152
335,0.0,0.006926954792661755
336,0.36154949700000005,0.42123601812062134
337,0.346633404,0.38371568202842093
338,0.0,0.006926954792661755
339,0.411764711,0.44131732476151736
340,0.490470141,0.40749617673474514
341,0.45343679200000003,0.47619538366412617
342,0.37350994299999996,0.44184578019943566
343,0.0,0.006926954792661755
344,0.0,0.006926954792661755
345,0.42951905700000004,0.3261140392953245
346,0.0,0.006926954792661755
347,0.495337993,0.4217644735585397
348,0.0,0.006926954792661755
349,0.348033369,0.36733356345295315
350,0.330263168,0.34460997962246553
351,0.365551412,0.3985124342901338
352,0.0,0.006926954792661755
353,0.488943487,0.472496195598698
354,0.450980395,0.4244067507481312
355,0.342187494,0.3483091676878938
356,0.0,0.006926954792661755
357,0.433002472,0.4397319584477624
358,0.411764711,0.45135797808196537
359,0.553637505,0.4455449682648639
360,0.0,0.006926954792661755
361,0.427648574,0.4138376419897649
362,0.41251596799999996,0.42546366162396787
363,0.316804409,0.38371568202842093
364,0.35731706,0.4117238202380917
365,0.357440889,0.4228213844343763
366,0.384493679,0.3340408708640992
367,0.490470141,0.432333582316906
368,0.360208064,0.40168316691764366
369,0.360446572,0.2790815053205944
370,0.356147021,0.3609920981979333
371,0.359520644,0.41806528549311145
372,0.39077341600000004,0.3451384350603839
373,0.35448277,0.3900571472834407
374,0.359520644,0.4037969886693169
375,0.0,0.006926954792661755
376,0.490470141,0.4265205724998045
377,0.37350994299999996,0.42599211706188617
378,0.0,0.006926954792661755
379,0.333333343,0.5734311842410964
380,0.0,0.006926954792661755
381,0.0,0.006926954792661755
382,0.44936707600000003,0.4503010672061287
383,0.39363241200000004,0.3350977817399359
384,0.0,0.006926954792661755
385,0.39646464600000003,0.4360327703823342
386,0.490783423,0.47830920541579947
387,0.0,0.006926954792661755
388,0.395390064,0.3953417016626239
389,0.388017118,0.36416283082544326
390,0.451156825,0.4265205724998045
391,0.0,0.006926954792661755
392,0.374064833,0.392170969035114
393,0.388753057,0.39428479078678724
394,0.571428597,0.44818724545445543
395,0.0294,0.006926954792661755
396,0.33785823,0.3393254252432824
397,0.0,0.006926954792661755
398,0.0,0.006926954792661755
399,0.0286,0.006926954792661755
400,0.424757272,0.42863439425147776
401,0.514778316,0.45505716614739355
402,0.0,0.006926954792661755
403,0.39348709600000004,0.281723782510186
404,0.411764711,0.4429026910752723
405,0.475124389,0.4640409085920049
406,0.575641036,0.42599211706188617
407,0.429333329,0.4349758595064976
408,0.0,0.006926954792661755
409,0.348557681,0.4159514637414382
410,0.0,0.006926954792661755
411,0.0,0.006926954792661755
412,0.490470141,0.4349758595064976
413,0.0,0.006926954792661755
414,0.48069497899999997,0.34091079155703735
415,0.263217092,0.44818724545445543
416,0.0,0.006926954792661755
417,0.510948896,0.43180512687898764
418,0.0,0.006926954792661755
419,0.473225415,0.4228213844343763
420,0.39158999899999997,0.4333904931927426
421,0.0,0.006926954792661755
422,0.0,0.006926954792661755
423,0.472955972,0.46139863140241333
424,0.0,0.006926954792661755
425,0.0,0.006926954792661755
426,0.0,0.006926954792661755
427,0.382731944,0.41278073111392827
428,0.355316281,0.35993518732209673
429,0.38010898200000004,0.3953417016626239
430,0.0,0.006926954792661755
431,0.0,0.006926954792661755
432,0.333333343,0.5797726494961162
433,0.374064833,0.39164251359719565
434,0.36285713299999994,0.4402604138856807
435,0.34146341700000005,0.3657481971391982
436,0.32262212,0.42070756268270304
437,0.0136,0.006926954792661755
438,0.334672034,0.32769940560907945
439,0.467549682,0.46087017596449503
440,0.488943487,0.45769944333698515
441,0.371077776,0.4244067507481312
442,0.0,0.006926954792661755
443,0.0,0.006926954792661755
444,0.310595065,0.38847178096968576
445,0.0,0.006926954792661755
446,0.0,0.006926954792661755
447,0.39363241200000004,0.4730246510366163
448,0.43615675,0.42334983987229463
449,0.0,0.006926954792661755
450,0.33508542199999997,0.43444740406857923
451,0.374064833,0.4032685332313986
452,0.0,0.006926954792661755
453,0.0,0.006926954792661755
454,0.357440889,0.4402604138856807
455,0.472887754,0.42546366162396787
456,0.0,0.006926954792661755
457,0.412679434,0.4059108104209902
458,0.350290686,0.3430246133087106
459,0.411764711,0.4133091865518466
460,0.0,0.006926954792661755
461,0.359520644,0.4455449682648639
462,0.0,0.006926954792661755
463,0.36446887299999997,0.4487157008923738
464,0.36446887299999997,0.606195421392032
465,0.490470141,0.41066690936225503
466,0.454867244,0.30339045546483695
467,0.47482013700000003,0.4487157008923738
468,0.38623327,0.2753823172551662
469,0.0,0.006926954792661755
470,0.0,0.006926954792661755
471,0.34771242700000005,0.39428479078678724
472,0.0,0.006926954792661755
473,0.0,0.006926954792661755
474,0.393858463,0.3731465732700546
475,0.0,0.006926954792661755
476,0.332070708,0.4349758595064976
477,0.0,0.006926954792661755
478,0.490470141,0.4460734237027822
479,0.31166914100000004,0.37050429608046304
480,0.36849314,0.4027400777934803
481,0.0,0.006926954792661755
482,0.357142866,0.38794332553176747
483,0.354014605,0.400626256041807
484,0.341823041,0.3609920981979333
485,0.490470141,0.42599211706188617
486,0.345771134,0.37050429608046304
487,0.34664765,0.3430246133087106
488,0.490783423,0.4587563542128218
489,0.0,0.006926954792661755
490,0.0,0.006926954792661755
491,0.510948896,0.45769944333698515
492,0.0,0.006926954792661755
493,0.370186329,0.44395960195110895
494,0.490470141,0.42123601812062134
495,0.0,0.006926954792661755
496,0.0,0.006926954792661755
497,0.497518599,0.4666831857815965
498,0.0,0.006926954792661755
499,0.526251554,0.46826855209535145
500,0.0,0.006926954792661755
501,0.0,0.006926954792661755
502,0.5300230979999999,0.4376181366960891
503,0.490470141,0.4598132650886584
504,0.0,0.006926954792661755
505,0.473225415,0.45822789877490344
506,0.44936707600000003,0.47619538366412617
507,0.0,0.006926954792661755
508,0.38714286700000006,0.2864798814514508
509,0.32911393,0.3530652666291586
510,0.553637505,0.4159514637414382
511,0.0,0.006926954792661755
512,0.0,0.006926954792661755
513,0.357440889,0.422292928996458
514,0.0,0.006926954792661755
515,0.0,0.006926954792661755
516,0.510948896,0.4196506518068664
517,0.349333346,0.3926994244730323
518,0.0,0.006926954792661755
519,0.359520644,0.4138376419897649
520,0.0,0.006926954792661755
521,0.356147021,0.40221162235556196
522,0.32769832,0.40432544410723525
523,0.357440889,0.42123601812062134
524,0.511656463,0.4830653043570643
525,0.0,0.006926954792661755
526,0.46459627200000003,0.4296913051273144
527,0.32262212,0.4032685332313986
528,0.0,0.006926954792661755
529,0.0,0.006926954792661755
530,0.374064833,0.36152055363585167
531,0.384039909,0.3742034841458912
532,0.0,0.006926954792661755
533,0.574418604,0.432333582316906
534,0.350985229,0.28489451513769587
535,0.015075377,0.006926954792661755
536,0.015075377,0.006926954792661755
537,0.32262212,0.40168316691764366
538,0.395161301,0.3461953459362205
539,0.0,0.006926954792661755
540,0.425584257,0.44713033457861884
541,0.382731944,0.3963986125384605
542,0.387533873,0.39111405815927736
543,0.0,0.006926954792661755
544,0.314371258,0.36204900907376997
545,0.0,0.006926954792661755
546,0.554491043,0.4529433443957203
547,0.0,0.006926954792661755
548,0.0,0.006926954792661755
549,0.470734745,0.47619538366412617
550,0.0,0.006926954792661755
551,0.380195588,0.3483091676878938
552,0.335388422,0.40115471147972537
553,0.0,0.006926954792661755
554,0.326873392,0.4096099984864184
555,0.0,0.006926954792661755
556,0.338177025,0.2991628119614904
557,0.0,0.006926954792661755
558,0.0,0.006926954792661755
559,0.332070708,0.4059108104209902
560,0.39158999899999997,0.4529433443957203
561,0.488461524,0.4096099984864184
562,0.0,0.006926954792661755
563,0.0,0.006926954792661755
564,0.0,0.006926954792661755
565,0.351050675,0.41225227567600997
566,0.0,0.006926954792661755
567,0.490783423,0.4487157008923738
568,0.411764711,0.41542300830351986
569,0.47482013700000003,0.4381465921340075
570,0.0,0.006926954792661755
571,0.425584257,0.46245554227825
572,0.45343679200000003,0.40115471147972537
573,0.0,0.006926954792661755
574,0.389851481,0.43180512687898764
575,0.37457045899999997,0.34355306874662894
576,0.310924381,0.3863579592180125
577,0.0286,0.006926954792661755
578,0.549591601,0.440788869323599
579,0.333333343,0.36204900907376997
580,0.490470141,0.42123601812062134
581,0.0441,0.006926954792661755
582,0.0,0.006926954792661755
583,0.411764711,0.4640409085920049
584,0.38024357,0.3398538806812007
585,0.360208064,0.3742034841458912
586,0.359520644,0.41806528549311145
587,0.470734745,0.4381465921340075
588,0.310924381,0.392170969035114
589,0.430825233,0.42757748337564117
590,0.351050675,0.3800164939629927
591,0.46583852200000003,0.34408152418454724
592,0.0,0.006926954792661755
593,0.342500001,0.422292928996458
594,0.32262212,0.4238782953102129
595,0.37066665299999996,0.1781465166781961
596,0.348800004,0.26956930743806473
597,0.49512195600000003,0.44977261176821043
598,0.0,0.006926954792661755
599,0.0,0.006926954792661755
600,0.0,0.006926954792661755
601,0.0,0.006926954792661755
602,0.44936707600000003,0.44765879001653713
603,0.0,0.006926954792661755
604,0.490470141,0.42599211706188617
605,0.0,0.006926954792661755
606,0.35380834299999997,0.42546366162396787
607,0.34767025700000004,0.3800164939629927
608,0.0,0.006926954792661755
609,0.0,0.006926954792661755
610,0.0,0.006926954792661755
611,0.393858463,0.3985124342901338
612,0.310030401,0.39692706797637883
613,0.0,0.006926954792661755
614,0.47139588,0.45558562158531185
615,0.495337993,0.4381465921340075
616,0.472955972,0.40168316691764366
617,0.490470141,0.40802463217266344
618,0.328985512,0.48095148260539106
619,0.411764711,0.4228213844343763
620,0.382133991,0.39375633534886895
621,0.495337993,0.41436609742768327
622,0.490470141,0.43867504757192577
623,0.32460734199999997,0.4133091865518466
624,0.511656463,0.46087017596449503
625,0.015625,0.006926954792661755
626,0.407741934,0.4117238202380917
627,0.374064833,0.382130315714666
628,0.321727008,0.29017906951687905
629,0.0,0.006926954792661755
630,0.554491043,0.4328620377548243
631,0.34782609299999995,0.48676449242249253
632,0.330413014,0.3874148700938491
633,0.36314362299999997,0.3847725929042576
634,0.44936707600000003,0.4238782953102129
635,0.361001313,0.400626256041807
636,0.357052088,0.3900571472834407
637,0.36297375,0.3372116034916091
638,0.495337993,0.4296913051273144
639,0.36625000799999996,0.4249352061860496
640,0.576372325,0.48200839348122765
641,0.332070708,0.4381465921340075
642,0.554491043,0.42123601812062134
643,0.396887153,0.7171710633548782
644,0.33948338,0.37843112764923775
645,0.0136,0.006926954792661755
646,0.575262547,0.42334983987229463
647,0.554491043,0.4619270868403317
648,0.315186232,0.35729291013250514
649,0.406565666,0.44395960195110895
650,0.382481754,0.3789595830871561
651,0.45293316200000006,0.39428479078678724
652,0.0,0.006926954792661755
653,0.44186046700000003,0.2891221586410424
654,0.0,0.006926954792661755
655,0.38705036,0.3963986125384605
656,0.389851481,0.41436609742768327
657,0.406474829,0.39481324622470554
658,0.0,0.006926954792661755
659,0.0,0.006926954792661755
660,0.490470141,0.40696772129682685
661,0.0,0.006926954792661755
662,0.355810612,0.3868864146559308
663,0.515114844,0.4487157008923738
664,0.506650567,0.4751384727882896
665,0.42019099,0.432333582316906
666,0.382481754,0.33034168279867104
667,0.0,0.006926954792661755
668,0.0,0.006926954792661755
669,0.576372325,0.41542300830351986
670,0.406474829,0.37737421677340116
671,0.34206897,0.341967702432874
672,0.567720115,0.442374235637354
673,0.34139403700000004,0.3551790883808319
674,0.523002446,0.41225227567600997
675,0.0,0.006926954792661755
676,0.388753057,0.4238782953102129
677,0.373779625,0.3742034841458912
678,0.0,0.006926954792661755
679,0.42597088200000005,0.4037969886693169
680,0.0,0.006926954792661755
681,0.37350994299999996,0.4085530876105818
682,0.355696201,0.400626256041807
683,0.357440889,0.3694473852046264
684,0.5300230979999999,0.43444740406857923
685,0.576413929,0.4370896812581708
686,0.44936707600000003,0.44448805738902725
687,0.34206897,0.37526039502172787
688,0.510948896,0.4302197605652327
689,0.346049041,0.4228213844343763
690,0.0,0.006926954792661755
691,0.407741934,0.442374235637354
692,0.0,0.006926954792661755
693,0.339331627,0.3689189297667081
694,0.5187032220000001,0.44131732476151736
695,0.389851481,0.40115471147972537
696,0.490783423,0.4434311465131906
697,0.384039909,0.33826851436744576
698,0.490470141,0.41436609742768327
699,0.326873392,0.41013845392433673
700,0.47191011899999996,0.4693254629711881
701,0.338271618,0.372089662394218
702,0.310924381,0.3874148700938491
703,0.342931926,0.3123741979094483
704,0.0,0.006926954792661755
705,0.395466,0.33562623717785417
706,0.0,0.006926954792661755
707,0.39348709600000004,0.35147990031540366
708,0.0,0.006926954792661755
709,0.409387231,0.36521974170127985
710,0.495337993,0.4170083746172748
711,0.348623842,0.3535937220670769
712,0.481530339,0.4460734237027822
713,0.0,0.006926954792661755
714,0.0,0.006926954792661755
715,0.430825233,0.4503010672061287
716,0.5615292789999999,0.44184578019943566
717,0.34600260899999996,0.34143924699495565
718,0.384039909,0.33879696980536406
719,0.45180723100000003,0.46879700753326975
720,0.33291140199999997,0.3990408897280521
721,0.490783423,0.4244067507481312
722,0.0,0.006926954792661755
723,0.351050675,0.4191221963689481
724,0.0,0.006926954792661755
725,0.490470141,0.4249352061860496
726,0.323880583,0.3530652666291586
727,0.0,0.006926954792661755
728,0.382731944,0.38107340483882934
729,0.47139588,0.440788869323599
730,0.411764711,0.4138376419897649
731,0.40091115200000005,0.7509922113816505
732,0.0,0.006926954792661755
733,0.490470141,0.4064392658589085
734,0.0,0.006926954792661755
735,0.506650567,0.45769944333698515
736,0.38010898200000004,0.4133091865518466
737,0.310595065,0.3794880385250744
738,0.395390064,0.4085530876105818
739,0.472887754,0.4561140770232302
740,0.39363241200000004,0.42599211706188617
741,0.0,0.006926954792661755
742,0.0,0.006926954792661755
743,0.0,0.006926954792661755
744,0.0,0.006926954792661755
745,0.356147021,0.3731465732700546
746,0.425584257,0.4291628496893961
747,0.411764711,0.422292928996458
748,0.0,0.006926954792661755
749,0.0,0.006926954792661755
750,0.340452254,0.36839047432878974
751,0.45219817799999995,0.7525775776954053
752,0.0,0.006926954792661755
753,0.393858463,0.4096099984864184
754,0.0,0.006926954792661755
755,0.0,0.006926954792661755
756,0.0,0.006926954792661755
757,0.0,0.006926954792661755
758,0.0,0.006926954792661755
759,0.0,0.006926954792661755
760,0.32262212,0.372089662394218
761,0.0,0.006926954792661755
762,0.39348709600000004,0.4270490279377228
763,0.357440889,0.4032685332313986
764,0.360372335,0.3430246133087106
765,0.506650567,0.41859374093102975
766,0.0326,0.006926954792661755
767,0.36848959299999995,0.35993518732209673
768,0.0,0.006926954792661755
769,0.0,0.006926954792661755
770,0.490470141,0.43920350300984407
771,0.0,0.006926954792661755
772,0.0,0.006926954792661755
773,0.0,0.006926954792661755
774,0.335336536,0.37103275151838133
775,0.446735382,0.3493660785637304
776,0.326873392,0.41489455286560156
777,0.333333343,0.3863579592180125
778,0.32769832,0.4133091865518466
779,0.450980395,0.3932278799109506
780,0.490470141,0.4111953648001733
781,0.0,0.006926954792661755
782,0.0,0.006926954792661755
783,0.612048209,0.422292928996458
784,0.0136,0.006926954792661755
785,0.456637174,0.3594067318841784
786,0.510948896,0.4429026910752723
787,0.554491043,0.4376181366960891
788,0.0116,0.006926954792661755
789,0.45992600899999997,0.45822789877490344
790,0.0,0.006926954792661755
791,0.573598146,0.44131732476151736
792,0.490470141,0.4360327703823342
793,0.0,0.006926954792661755
794,0.0,0.006926954792661755
795,0.0,0.006926954792661755
796,0.490470141,0.4566425324611485
797,0.0,0.006926954792661755
798,0.357558131,0.40485389954515355
799,0.356147021,0.4360327703823342
800,0.355285972,0.3060327326544285
801,0.504999995,0.4349758595064976
802,0.382731944,0.4032685332313986
803,0.349333346,0.35782136557042343
804,0.0,0.006926954792661755
805,0.360208064,0.43444740406857923
806,0.382731944,0.41859374093102975
807,0.339901477,0.4328620377548243
808,0.362559229,0.3963986125384605
809,0.357440889,0.39692706797637883
810,0.506650567,0.4376181366960891
811,0.37350994299999996,0.4566425324611485
812,0.609336615,0.442374235637354
813,0.0,0.006926954792661755
814,0.0,0.006926954792661755
815,0.313157886,0.40485389954515355
816,0.0,0.006926954792661755
817,0.490470141,0.4619270868403317
818,0.34191703799999995,0.35782136557042343
819,0.0,0.006926954792661755
820,0.0,0.006926954792661755
821,0.45293316200000006,0.43444740406857923
822,0.45992600899999997,0.42810593881355946
823,0.47139588,0.4191221963689481
824,0.328947365,0.36733356345295315
825,0.33290654399999997,0.38424413746633923
826,0.31166914100000004,0.3800164939629927
827,0.382481754,0.36521974170127985
828,0.345360816,0.3609920981979333
829,0.0,0.006926954792661755
830,0.34883719700000004,0.29387825758230723
831,0.490470141,0.4270490279377228
832,0.46200981700000004,0.450829522644047
833,0.490470141,0.4370896812581708
834,0.31166914100000004,0.3789595830871561
835,0.35742443799999996,0.41489455286560156
836,0.0,0.006926954792661755
837,0.382731944,0.4328620377548243
838,0.310030401,0.3794880385250744
839,0.357440889,0.4159514637414382
840,0.0,0.006926954792661755
841,0.511656463,0.4381465921340075
842,0.0,0.006926954792661755
843,0.36625000799999996,0.43180512687898764
844,0.0,0.006926954792661755
845,0.573598146,0.4719677401607797
846,0.37066665299999996,0.33879696980536406
847,0.388753057,0.41859374093102975
848,0.46200981700000004,0.4460734237027822
849,0.0,0.006926954792661755
850,0.490470141,0.422292928996458
851,0.0,0.006926954792661755
852,0.0,0.006926954792661755
853,0.323856622,0.36469128626336156
854,0.0,0.006926954792661755
855,0.0,0.006926954792661755
856,0.490783423,0.44713033457861884
857,0.32262212,0.4238782953102129
858,0.0,0.006926954792661755
859,0.42019099,0.3557075438187502
860,0.0136,0.006926954792661755
861,0.0,0.006926954792661755
862,0.0,0.006926954792661755
863,0.549591601,0.45135797808196537
864,0.470734745,0.42863439425147776
865,0.554491043,0.4064392658589085
866,0.0,0.006926954792661755
867,0.32262212,0.4360327703823342
868,0.0,0.006926954792661755
869,0.44936707600000003,0.422292928996458
870,0.0,0.006926954792661755
871,0.344733238,0.38794332553176747
872,0.0,0.006926954792661755
873,0.0,0.006926954792661755
874,0.490470141,0.41753683005519315
875,0.368131876,0.36204900907376997
876,0.382731944,0.38107340483882934
877,0.47139588,0.43127667144106935
878,0.0,0.006926954792661755
879,0.0136,0.006926954792661755
880,0.0,0.006926954792661755
881,0.554491043,0.4196506518068664
882,0.333333343,0.35676445469458684
883,0.36122179,0.39745552341429713
884,0.508908689,0.442374235637354
885,0.575262547,0.43920350300984407
886,0.609336615,0.4349758595064976
887,0.0326,0.006926954792661755
888,0.0,0.006926954792661755
889,0.0,0.006926954792661755
890,0.421232879,0.3155449305369582
891,0.0,0.006926954792661755
892,0.358600587,0.35095144487748536
893,0.504326344,0.4429026910752723
894,0.38804072100000003,0.40432544410723525
895,0.0,0.006926954792661755
896,0.610917509,0.4777807499778811
897,0.387533873,0.41436609742768327
898,0.0,0.006926954792661755
899,0.33832708,0.36839047432878974
900,0.411764711,0.4164799191793565
901,0.33554816200000004,0.28753679232728746
902,0.359520644,0.42070756268270304
903,0.34000000399999997,0.33879696980536406
904,0.0,0.006926954792661755
905,0.34980493799999995,0.3715612069562997
906,0.490470141,0.42546366162396787
907,0.0,0.006926954792661755
908,0.357440889,0.4328620377548243
909,0.39646464600000003,0.3985124342901338
910,0.323880583,0.3742034841458912
911,0.490470141,0.41806528549311145
912,0.346049041,0.4244067507481312
913,0.44936707600000003,0.4466018791407005
914,0.32769832,0.4133091865518466
915,0.610917509,0.432333582316906
916,0.0,0.006926954792661755
917,0.37820512100000003,0.3361546926157725
918,0.0,0.006926954792661755
919,0.5752426979999999,0.4540002552715569
920,0.0,0.006926954792661755
921,0.0,0.006926954792661755
922,0.35809019200000003,0.33351241542618093
923,0.433002472,0.44765879001653713
924,0.0,0.006926954792661755
925,0.523002446,0.40749617673474514
926,0.0,0.006926954792661755
927,0.406474829,0.3847725929042576
928,0.0,0.006926954792661755
929,0.490470141,0.4196506518068664
930,0.415426254,0.3958701571005422
931,0.410060972,0.7731873397742197
932,0.39363241200000004,0.40802463217266344
933,0.45992600899999997,0.4355043149444159
934,0.479468584,0.44395960195110895
935,0.0,0.006926954792661755
936,0.38010898200000004,0.3715612069562997
937,0.554491043,0.4455449682648639
938,0.0,0.006926954792661755
939,0.406565666,0.4059108104209902
940,0.592677355,0.48095148260539106
941,0.41796875,0.33351241542618093
942,0.41850829100000003,0.42863439425147776
943,0.409387231,0.4032685332313986
944,0.33977901899999996,0.360463642760015
945,0.411764711,0.43920350300984407
946,0.382481754,0.33139859367450764
947,0.427648574,0.4032685332313986
948,0.0,0.006926954792661755
949,0.336912751,0.3472522568120571
950,0.490783423,0.472496195598698
951,0.470734745,0.4730246510366163
952,0.35731706,0.43444740406857923
953,0.326979458,0.372089662394218
954,0.43902438899999996,0.43127667144106935
955,0.0,0.006926954792661755
956,0.316804409,0.39375633534886895
957,0.0,0.006926954792661755
958,0.32262212,0.40432544410723525
959,0.357142866,0.38160186027674764
960,0.411764711,0.4096099984864184
961,0.467200011,0.3372116034916091
962,0.0,0.006926954792661755
963,0.34146341700000005,0.38424413746633923
964,0.34200742799999995,0.42757748337564117
965,0.38010898200000004,0.38107340483882934
966,0.0,0.006926954792661755
967,0.366543651,0.3430246133087106
968,0.0,0.006926954792661755
969,0.506650567,0.4730246510366163
970,0.0,0.006926954792661755
971,0.412679434,0.42017910724478474
972,0.0,0.006926954792661755
973,0.0,0.006926954792661755
974,0.0,0.006926954792661755
975,0.433002472,0.45452871070947526
976,0.0,0.006926954792661755
977,0.407360405,0.4355043149444159
978,0.0,0.006926954792661755
979,0.0,0.006926954792661755
980,0.0,0.006926954792661755
981,0.333333343,0.5956263126336656
982,0.0,0.006926954792661755
983,0.457496136,0.34883762312581207
984,0.0,0.006926954792661755
985,0.0116,0.006926954792661755
986,0.427648574,0.4111953648001733
987,0.34656083600000004,0.41436609742768327
988,0.381759495,0.4804230271674727
989,0.33385580800000003,0.3160733859748765
990,0.0,0.006926954792661755
991,0.31166914100000004,0.3736750287079729
992,0.355371892,0.3985124342901338
993,0.39646464600000003,0.4429026910752723
994,0.0,0.006926954792661755
995,0.0,0.006926954792661755
996,0.467549682,0.46087017596449503
997,0.430825233,0.4598132650886584
998,0.31166914100000004,0.38794332553176747
999,0.0,0.006926954792661755
1000,0.0,0.006926954792661755
1001,0.567720115,0.4397319584477624
1002,0.333333343,0.3953417016626239
1003,0.0,0.006926954792661755
1004,0.0,0.006926954792661755
1005,0.0,0.006926954792661755
1006,0.0,0.006926954792661755
1007,0.506650567,0.46087017596449503
1008,0.0,0.006926954792661755
1009,0.0,0.006926954792661755
1010,0.0,0.006926954792661755
1011,0.0,0.006926954792661755
1012,0.32262212,0.41859374093102975
1013,0.0,0.006926954792661755
1014,0.0,0.006926954792661755
1015,0.0,0.006926954792661755
1016,0.0,0.006926954792661755
1017,0.411764711,0.4355043149444159
1018,0.36446887299999997,0.23680507028712913
1019,0.37350994299999996,0.4059108104209902
1020,0.605140209,0.4249352061860496
1021,0.0,0.006926954792661755
1022,0.0,0.006926954792661755
1023,0.359520644,0.40168316691764366
1024,0.31166914100000004,0.392170969035114
1025,0.313157886,0.3868864146559308
1026,0.33290654399999997,0.3858295037800942
1027,0.0,0.006926954792661755
1028,0.344086021,0.33298395998826263
1029,0.0,0.006926954792661755
1030,0.0,0.006926954792661755
1031,0.514450848,0.4566425324611485
1032,0.34239801799999997,0.3763173058975645
1033,0.0,0.006926954792661755
1034,0.382731944,0.3895286918455224
1035,0.32262212,0.3789595830871561
1036,0.430825233,0.4265205724998045
1037,0.0,0.006926954792661755
1038,0.35204082700000006,0.41013845392433673
1039,0.506650567,0.43391894863066094
1040,0.34161490200000005,0.36152055363585167
1041,0.510948896,0.41806528549311145
1042,0.382731944,0.4027400777934803
1043,0.504326344,0.4397319584477624
1044,0.490470141,0.41542300830351986
1045,0.0,0.006926954792661755
1046,0.36446887299999997,0.6505856781771704
1047,0.0,0.006926954792661755
1048,0.46200981700000004,0.42070756268270304
1049,0.490470141,0.4228213844343763
1050,0.333761245,0.4027400777934803
1051,0.389851481,0.42070756268270304
1052,0.330413014,0.3874148700938491
1053,0.359520644,0.4429026910752723
1054,0.0,0.006926954792661755
1055,0.359520644,0.41489455286560156
1056,0.355810612,0.38371568202842093
1057,0.313157886,0.37050429608046304
1058,0.39646464600000003,0.4085530876105818
1059,0.610917509,0.4730246510366163
1060,0.0,0.006926954792661755
1061,0.0,0.006926954792661755
1062,0.0,0.006926954792661755
1063,0.0326,0.006926954792661755
1064,0.370186329,0.42599211706188617
1065,0.331871331,0.36416283082544326
1066,0.0,0.006926954792661755
1067,0.0,0.006926954792661755
1068,0.0,0.006926954792661755
1069,0.554491043,0.4360327703823342
1070,0.0,0.006926954792661755
1071,0.393548399,0.2859514260135325
1072,0.0,0.006926954792661755
1073,0.0,0.006926954792661755
1074,0.0,0.006926954792661755
1075,0.350785345,0.3990408897280521
1076,0.45293316200000006,0.38107340483882934
1077,0.368131876,0.3789595830871561
1078,0.322638154,0.2870083368893691
1079,0.360465109,0.3324555045503443
1080,0.458193988,0.3868864146559308
1081,0.47482013700000003,0.472496195598698
1082,0.0,0.006926954792661755
1083,0.38010898200000004,0.3963986125384605
1084,0.38345864399999996,0.40749617673474514
1085,0.49512195600000003,0.422292928996458
1086,0.374309391,0.29810590108565377
1087,0.328275859,0.3731465732700546
1088,0.452711225,0.42123601812062134
1089,0.36848792399999997,0.38107340483882934
1090,0.490470141,0.4059108104209902
1091,0.332070708,0.3985124342901338
1092,0.310030401,0.39692706797637883
1093,0.38804072100000003,0.4191221963689481
1094,0.458646625,0.41753683005519315
1095,0.351092905,0.4402604138856807
1096,0.371077776,0.450829522644047
1097,0.0,0.006926954792661755
1098,0.49512195600000003,0.44448805738902725
1099,0.429333329,0.4238782953102129
1100,0.0,0.006926954792661755
1101,0.40658173,0.41278073111392827
1102,0.512514889,0.44395960195110895
1103,0.0294,0.006926954792661755
1104,0.0,0.006926954792661755
1105,0.0,0.006926954792661755
1106,0.0294,0.5110734425667349
1107,0.313157886,0.38160186027674764
1108,0.0,0.006926954792661755
1109,0.35172414799999996,0.3594067318841784
1110,0.592549503,0.48200839348122765
1111,0.0,0.006926954792661755
1112,0.36602869600000004,0.3926994244730323
1113,0.35731706,0.4302197605652327
1114,0.0,0.006926954792661755
1115,0.42764017,0.43180512687898764
1116,0.0286,0.006926954792661755
1117,0.481530339,0.4270490279377228
1118,0.0,0.006926954792661755
1119,0.524609864,0.4529433443957203
1120,0.46200981700000004,0.4666831857815965
1121,0.0,0.006926954792661755
1122,0.506650567,0.4693254629711881
1123,0.0,0.006926954792661755
1124,0.32769832,0.3958701571005422
1125,0.0286,0.006926954792661755
1126,0.0,0.006926954792661755
1127,0.467549682,0.43127667144106935
1128,0.298833817,0.3361546926157725
1129,0.0,0.006926954792661755
1130,0.574418604,0.44765879001653713
1131,0.339901477,0.3990408897280521
1132,0.36849314,0.4111953648001733
1133,0.359520644,0.4455449682648639
1134,0.0,0.006926954792661755
1135,0.0286,0.006926954792661755
1136,0.34394124200000004,0.3229433066678146
1137,0.34206897,0.39428479078678724
1138,0.38010898200000004,0.40115471147972537
1139,0.425584257,0.472496195598698
1140,0.5187032220000001,0.442374235637354
1141,0.339735895,0.35993518732209673
1142,0.0,0.006926954792661755
1143,0.0,0.006926954792661755
1144,0.0,0.006926954792661755
1145,0.330413014,0.40485389954515355
1146,0.0,0.006926954792661755
1147,0.39077341600000004,0.3847725929042576
1148,0.526251554,0.43867504757192577
1149,0.0,0.006926954792661755
1150,0.0,0.006926954792661755
1151,0.507334948,0.43444740406857923
1152,0.508908689,0.43920350300984407
1153,0.0,0.006926954792661755
1154,0.490470141,0.41066690936225503
1155,0.313157886,0.4111953648001733
1156,0.0,0.006926954792661755
1157,0.0,0.006926954792661755
1158,0.355371892,0.38107340483882934
1159,0.0,0.006926954792661755
1160,0.37350994299999996,0.43074821600315105
1161,0.0,0.006926954792661755
1162,0.0,0.006926954792661755
1163,0.0,0.006926954792661755
1164,0.0,0.006926954792661755
1165,0.35742443799999996,0.41066690936225503
1166,0.42764017,0.41278073111392827
1167,0.313157886,0.4059108104209902
1168,0.0,0.006926954792661755
1169,0.366543651,0.37578885045964616
1170,0.0,0.006926954792661755
1171,0.36500001,0.392170969035114
1172,0.0,0.006926954792661755
1173,0.0,0.006926954792661755
1174,0.5300230979999999,0.4402604138856807
1175,0.0,0.006926954792661755
1176,0.339901477,0.2954636238960622
1177,0.0136,0.006926954792661755
1178,0.5752426979999999,0.48517912610873754
1179,0.374064833,0.3715612069562997
1180,0.354114711,0.35147990031540366
1181,0.5080946679999999,0.43127667144106935
1182,0.0,0.006926954792661755
1183,0.0,0.006926954792661755
1184,0.45992600899999997,0.440788869323599
1185,0.395390064,0.41066690936225503
1186,0.413861394,0.22147986258749797
1187,0.605140209,0.47883766085371776
1188,0.310030401,0.3900571472834407
1189,0.410060972,0.7737157952121381
1190,0.5187032220000001,0.44818724545445543
1191,0.326996207,0.32717095017116116
1192,0.0,0.006926954792661755
1193,0.38169935299999996,0.37737421677340116
1194,0.0,0.006926954792661755
1195,0.41796875,0.37050429608046304
1196,0.339832872,0.3874148700938491
1197,0.0,0.006926954792661755
1198,0.374064833,0.4228213844343763
1199,0.382731944,0.42070756268270304
1200,0.406474829,0.38794332553176747
1201,0.322281152,0.3155449305369582
1202,0.34782609299999995,0.3081465544061018
1203,0.37066665299999996,0.3689189297667081
1204,0.0,0.006926954792661755
1205,0.326873392,0.41806528549311145
1206,0.0326,0.006926954792661755
1207,0.497518599,0.42757748337564117
1208,0.31823462199999997,0.34460997962246553
1209,0.397660822,0.41066690936225503
1210,0.427648574,0.4117238202380917
1211,0.333333343,0.3609920981979333
1212,0.386666656,0.3477807122499755
1213,0.397660822,0.37737421677340116
1214,0.0,0.006926954792661755
1215,0.0,0.006926954792661755
1216,0.0,0.006926954792661755
1217,0.38010898200000004,0.38794332553176747
1218,0.310595065,0.3609920981979333
1219,0.504999995,0.41066690936225503
1220,0.0326,0.006926954792661755
1221,0.328985512,0.3689189297667081
1222,0.370186329,0.44131732476151736
1223,0.37066665299999996,0.36839047432878974
1224,0.417004049,0.38794332553176747
1225,0.311567158,0.2553010106142702
1226,0.479468584,0.45558562158531185
1227,0.0,0.006926954792661755
1228,0.0,0.006926954792661755
1229,0.38010898200000004,0.3789595830871561
1230,0.0,0.006926954792661755
1231,0.35528120399999996,0.4159514637414382
1232,0.34782609299999995,0.5332685709593044
1233,0.0,0.006926954792661755
1234,0.46459627200000003,0.45452871070947526
1235,0.506738544,0.4133091865518466
1236,0.411764711,0.4355043149444159
1237,0.32262212,0.41489455286560156
1238,0.0,0.006926954792661755
1239,0.0294,0.006926954792661755
1240,0.504326344,0.4534717998336386
1241,0.442528725,0.40432544410723525
1242,0.384039909,0.3657481971391982
1243,0.33554816200000004,0.2896506140789607
1244,0.346633404,0.43391894863066094
1245,0.510948896,0.44713033457861884
1246,0.0,0.006926954792661755
1247,0.313157886,0.4037969886693169
1248,0.0,0.006926954792661755
1249,0.0,0.006926954792661755
1250,0.46200981700000004,0.45769944333698515
1251,0.0,0.006926954792661755
1252,0.34239801799999997,0.3995693451659704
1253,0.44936707600000003,0.4460734237027822
1254,0.0294,0.29599207933398053
1255,0.34146341700000005,0.38847178096968576
1256,0.0,0.006926954792661755
1257,0.451156825,0.4333904931927426
1258,0.0,0.006926954792661755
1259,0.0,0.006926954792661755
1260,0.38010898200000004,0.40696772129682685
1261,0.0,0.006926954792661755
1262,0.526251554,0.4666831857815965
1263,0.0,0.006926954792661755
1264,0.0,0.006926954792661755
1265,0.0,0.006926954792661755
1266,0.0,0.006926954792661755
1267,0.575641036,0.4466018791407005
1268,0.0,0.006926954792661755
1269,0.490470141,0.41278073111392827
1270,0.0,0.006926954792661755
1271,0.346633404,0.3932278799109506
1272,0.0286,0.006926954792661755
1273,0.511656463,0.4238782953102129
1274,0.326979458,0.3868864146559308
1275,0.326873392,0.37578885045964616
1276,0.0,0.006926954792661755
1277,0.41796875,0.2859514260135325
1278,0.0294,0.006926954792661755
1279,0.38010898200000004,0.4291628496893961
1280,0.322097391,0.3631059199496066
1281,0.357743084,0.3525368111912403
1282,0.0,0.006926954792661755
1283,0.490783423,0.46562627490575986
1284,0.32374101899999996,0.3525368111912403
1285,0.0,0.006926954792661755
1286,0.430825233,0.432333582316906
1287,0.0,0.006926954792661755
1288,0.0136,0.006926954792661755
1289,0.33948338,0.3868864146559308
1290,0.453191489,0.2896506140789607
1291,0.38345864399999996,0.41225227567600997
1292,0.35731706,0.3657481971391982
1293,0.595769703,0.4333904931927426
1294,0.0136,0.006926954792661755
1295,0.45293316200000006,0.3868864146559308
1296,0.510948896,0.4503010672061287
1297,0.411764711,0.442374235637354
1298,0.0,0.006926954792661755
1299,0.0,0.006926954792661755
1300,0.506650567,0.4064392658589085
1301,0.0,0.006926954792661755
1302,0.0,0.006926954792661755
1303,0.0,0.006926954792661755
1304,0.310030401,0.3874148700938491
1305,0.0,0.006926954792661755
1306,0.34075105200000005,0.3525368111912403
1307,0.34961438200000006,0.33879696980536406
1308,0.393858463,0.40168316691764366
1309,0.38010898200000004,0.40696772129682685
1310,0.34857142,0.3493660785637304
1311,0.510948896,0.45717098789906685
1312,0.36602869600000004,0.3863579592180125
1313,0.0,0.006926954792661755
1314,0.45180723100000003,0.44501651282694554
1315,0.0,0.006926954792661755
1316,0.407360405,0.4370896812581708
1317,0.0,0.006926954792661755
1318,0.490783423,0.43867504757192577
1319,0.322638154,0.2965205347718988
1320,0.507334948,0.4561140770232302
1321,0.015625,0.006926954792661755
1322,0.0,0.006926954792661755
1323,0.326979458,0.3662766525771165
1324,0.576372325,0.4767238391020445
1325,0.534802794,0.4640409085920049
1326,0.348557681,0.40696772129682685
1327,0.0,0.006926954792661755
1328,0.0,0.006926954792661755
1329,0.0,0.006926954792661755
1330,0.0,0.006926954792661755
1331,0.0116,0.006926954792661755
1332,0.332509279,0.37050429608046304
1333,0.0,0.006926954792661755
1334,0.361001313,0.3731465732700546
1335,0.0,0.006926954792661755
1336,0.342500001,0.40432544410723525
1337,0.524609864,0.47143928472286134
1338,0.47139588,0.45452871070947526
1339,0.0,0.006926954792661755
1340,0.393767715,0.5718458179273413
1341,0.0,0.006926954792661755
1342,0.0326,0.006926954792661755
1343,0.357440889,0.4133091865518466
1344,0.348557681,0.3900571472834407
1345,0.0286,0.006926954792661755
1346,0.0,0.006926954792661755
1347,0.0,0.006926954792661755
1348,0.317211956,0.34672380137413883
1349,0.357440889,0.4693254629711881
1350,0.511656463,0.43127667144106935
1351,0.351540625,0.38054494940091105
1352,0.0136,0.006926954792661755
1353,0.331838578,0.37790267221131946
1354,0.0,0.006926954792661755
1355,0.45992600899999997,0.42757748337564117
1356,0.0,0.006926954792661755
1357,0.388017118,0.34408152418454724
1358,0.0,0.006926954792661755
1359,0.360446572,0.3287563164849161
1360,0.310030401,0.3995693451659704
1361,0.0,0.006926954792661755
1362,0.490470141,0.44131732476151736
1363,0.0136,0.006926954792661755
1364,0.393548399,0.29334980214438894
1365,0.37031251200000004,0.3472522568120571
1366,0.612048209,0.5184718186975914
1367,0.33969464899999996,0.4328620377548243
1368,0.41850829100000003,0.4164799191793565
1369,0.341085285,0.38847178096968576
1370,0.37516689299999995,0.4291628496893961
1371,0.0286,0.006926954792661755
1372,0.0,0.006926954792661755
1373,0.510948896,0.4487157008923738
1374,0.36602869600000004,0.34038233611911906
1375,0.47482013700000003,0.4138376419897649
1376,0.406329125,0.43656122582025253
1377,0.467549682,0.43444740406857923
1378,0.0,0.006926954792661755
1379,0.0,0.006926954792661755
1380,0.467549682,0.45188643351988367
1381,0.39158999899999997,0.4529433443957203
1382,0.0,0.006926954792661755
1383,0.374309391,0.36733356345295315
1384,0.457861632,0.4244067507481312
1385,0.45293316200000006,0.38107340483882934
1386,0.45343679200000003,0.41489455286560156
1387,0.512514889,0.4540002552715569
1388,0.344435424,0.26481320849679985
1389,0.430825233,0.4096099984864184
1390,0.0,0.006926954792661755
1391,0.0,0.006926954792661755
1392,0.0,0.006926954792661755
1393,0.490470141,0.422292928996458
1394,0.0,0.006926954792661755
1395,0.357440889,0.4238782953102129
1396,0.430825233,0.43074821600315105
1397,0.355810612,0.3990408897280521
1398,0.0,0.006926954792661755
1399,0.37350994299999996,0.4355043149444159
1400,0.411764711,0.42757748337564117
1401,0.0286,0.006926954792661755
1402,0.37516689299999995,0.39692706797637883
1403,0.364361703,0.3826587711525843
1404,0.490470141,0.4217644735585397
1405,0.0,0.006926954792661755
1406,0.357440889,0.4159514637414382
1407,0.0,0.006926954792661755
1408,0.37350994299999996,0.4196506518068664
1409,0.326979458,0.3863579592180125
1410,0.511656463,0.4349758595064976
1411,0.317948729,0.3583498210083418
1412,0.0,0.006926954792661755
1413,0.508908689,0.41753683005519315
1414,0.36446887299999997,0.35147990031540366
1415,0.316804409,0.3731465732700546
1416,0.0,0.006926954792661755
1417,0.0,0.006926954792661755
1418,0.395390064,0.39692706797637883
1419,0.506650567,0.45188643351988367
1420,0.514778316,0.43180512687898764
1421,0.360446572,0.24895954535925038
1422,0.0,0.006926954792661755
1423,0.40091115200000005,0.705016588282757
1424,0.36602869600000004,0.34355306874662894
1425,0.0,0.006926954792661755
1426,0.511656463,0.4746100173503712
1427,0.46200981700000004,0.4587563542128218
1428,0.326424867,0.37050429608046304
1429,0.36849314,0.4111953648001733
1430,0.0,0.006926954792661755
1431,0.360208064,0.36469128626336156
1432,0.0,0.006926954792661755
1433,0.0,0.006926954792661755
1434,0.0136,0.006926954792661755
1435,0.351092905,0.42017910724478474
1436,0.0,0.006926954792661755
1437,0.490470141,0.4000978006038887
1438,0.436928689,0.30444736634067354
1439,0.0,0.006926954792661755
1440,0.470734745,0.4265205724998045
1441,0.510948896,0.41806528549311145
1442,0.37350994299999996,0.4360327703823342
1443,0.490470141,0.43180512687898764
1444,0.0,0.006926954792661755
1445,0.322292984,0.35465063294291355
1446,0.511656463,0.4698539184091064
1447,0.35302013200000004,0.3451384350603839
1448,0.0,0.006926954792661755
1449,0.41796875,0.3853010483421759
1450,0.287234038,0.6268051834708461
1451,0.423913032,0.30920346528193837
1452,0.34466019299999995,0.37473193958380957
1453,0.45992600899999997,0.45769944333698515
1454,0.512514889,0.44395960195110895
1455,0.467549682,0.41066690936225503
1456,0.0136,0.006926954792661755
1457,0.0,0.006926954792661755
1458,0.0,0.006926954792661755
1459,0.34857142,0.36733356345295315
1460,0.526251554,0.45505716614739355
1461,0.47139588,0.4661547303436782
1462,0.37350994299999996,0.3979839788522154
1463,0.0,0.006926954792661755
1464,0.0,0.006926954792661755
1465,0.406329125,0.40221162235556196
1466,0.0,0.006926954792661755
1467,0.374064833,0.4249352061860496
1468,0.0,0.006926954792661755
1469,0.32262212,0.4191221963689481
1470,0.534802794,0.4540002552715569
1471,0.507334948,0.4540002552715569
1472,0.0,0.006926954792661755
1473,0.339735895,0.372089662394218
1474,0.32262212,0.3726181178321363
1475,0.0,0.006926954792661755
1476,0.495337993,0.4302197605652327
1477,0.0,0.006926954792661755
1478,0.523002446,0.41013845392433673
1479,0.370186329,0.44765879001653713
1480,0.472887754,0.4291628496893961
1481,0.0,0.006926954792661755
1482,0.38010898200000004,0.4265205724998045
1483,0.38010898200000004,0.38794332553176747
1484,0.389851481,0.44184578019943566
1485,0.0,0.006926954792661755
1486,0.0,0.006926954792661755
1487,0.0,0.006926954792661755
1488,0.370186329,0.42599211706188617
1489,0.0,0.006926954792661755
1490,0.553637505,0.45769944333698515
1491,0.430825233,0.4529433443957203
1492,0.576372325,0.47091082928494304
1493,0.490783423,0.472496195598698
1494,0.475124389,0.43920350300984407
1495,0.0,0.006926954792661755
1496,0.39158999899999997,0.41489455286560156
1497,0.0,0.006926954792661755
1498,0.0,0.006926954792661755
1499,0.466898948,0.3985124342901338
1500,0.395390064,0.4117238202380917
1501,0.0,0.006926954792661755
1502,0.32460734199999997,0.400626256041807
1503,0.0,0.006926954792661755
1504,0.506738544,0.4265205724998045
1505,0.0,0.006926954792661755
1506,0.0,0.006926954792661755
1507,0.359520644,0.40749617673474514
1508,0.0,0.006926954792661755
1509,0.393548399,0.25635792149010683
1510,0.34857142,0.3255855838574062
1511,0.0,0.006926954792661755
1512,0.0,0.006926954792661755
1513,0.0,0.006926954792661755
1514,0.332398325,0.3895286918455224
1515,0.490470141,0.4228213844343763
1516,0.348557681,0.3789595830871561
1517,0.0,0.006926954792661755
1518,0.0326,0.006926954792661755
1519,0.47001224799999997,0.42070756268270304
1520,0.43902438899999996,0.40696772129682685
1521,0.0,0.006926954792661755
1522,0.510948896,0.42123601812062134
1523,0.0,0.006926954792661755
1524,0.0,0.006926954792661755
1525,0.506650567,0.46562627490575986
1526,0.0,0.006926954792661755
1527,0.506738544,0.4217644735585397
1528,0.407360405,0.4376181366960891
1529,0.0,0.006926954792661755
1530,0.0,0.006926954792661755
1531,0.360208064,0.4265205724998045
1532,0.0,0.006926954792661755
1533,0.360208064,0.4217644735585397
1534,0.0,0.006926954792661755
1535,0.370186329,0.45505716614739355
1536,0.0116,0.006926954792661755
1537,0.381759495,0.4138376419897649
1538,0.488461524,0.43180512687898764
1539,0.36625000799999996,0.41278073111392827
1540,0.36446887299999997,0.5496506895347721
1541,0.31166914100000004,0.37473193958380957
1542,0.0,0.006926954792661755
1543,0.0,0.006926954792661755
1544,0.370186329,0.41225227567600997
1545,0.0,0.006926954792661755
1546,0.374064833,0.3625774645116883
1547,0.340632617,0.35412217750499525
1548,0.0,0.006926954792661755
1549,0.0,0.006926954792661755
1550,0.0,0.006926954792661755
1551,0.37350994299999996,0.39375633534886895
1552,0.32262212,0.4085530876105818
1553,0.359520644,0.40485389954515355
1554,0.39077341600000004,0.3932278799109506
1555,0.512514889,0.42599211706188617
1556,0.313157886,0.3853010483421759
1557,0.490470141,0.4159514637414382
1558,0.313157886,0.3900571472834407
1559,0.335388422,0.3742034841458912
1560,0.490470141,0.41225227567600997
1561,0.39646464600000003,0.43180512687898764
1562,0.425584257,0.4355043149444159
1563,0.424757272,0.4376181366960891
1564,0.370186329,0.43127667144106935
1565,0.0136,0.006926954792661755
1566,0.0,0.006926954792661755
1567,0.340937883,0.3689189297667081
1568,0.0,0.006926954792661755
1569,0.412679434,0.422292928996458
1570,0.0,0.006926954792661755
1571,0.39646464600000003,0.4376181366960891
1572,0.0,0.006926954792661755
1573,0.514450848,0.41753683005519315
1574,0.0,0.006926954792661755
1575,0.310030401,0.38160186027674764
1576,0.46459627200000003,0.40802463217266344
1577,0.346633404,0.4333904931927426
1578,0.0,0.006926954792661755
1579,0.0,0.006926954792661755
1580,0.326984137,0.4666831857815965
1581,0.0,0.006926954792661755
1582,0.0,0.006926954792661755
1583,0.374309391,0.3160733859748765
1584,0.0,0.006926954792661755
1585,0.359520644,0.4000978006038887
1586,0.345285535,0.36204900907376997
1587,0.36352202299999997,0.32452867298156957
1588,0.0,0.006926954792661755
1589,0.45343679200000003,0.45769944333698515
1590,0.39663460899999997,0.40485389954515355
1591,0.0,0.006926954792661755
1592,0.526251554,0.44395960195110895
1593,0.0,0.006926954792661755
1594,0.0,0.006926954792661755
1595,0.486825585,0.442374235637354
1596,0.443896413,0.44131732476151736
1597,0.0,0.006926954792661755
1598,0.0286,0.006926954792661755
1599,0.334104031,0.3868864146559308
1600,0.0,0.006926954792661755
1601,0.382133991,0.3430246133087106
1602,0.34883719700000004,0.26481320849679985
1603,0.576372325,0.4355043149444159
1604,0.348033369,0.3562359992566685
1605,0.0,0.006926954792661755
1606,0.490470141,0.4487157008923738
1607,0.326996207,0.3794880385250744
1608,0.0,0.006926954792661755
1609,0.0,0.006926954792661755
1610,0.467549682,0.44131732476151736
1611,0.0,0.006926954792661755
1612,0.314189196,0.32822786104699775
1613,0.38345864399999996,0.3895286918455224
1614,0.0,0.006926954792661755
1615,0.34593573200000005,0.28489451513769587
1616,0.36122179,0.3715612069562997
1617,0.39086294200000005,0.3155449305369582
1618,0.41796875,0.3060327326544285
1619,0.40758875,0.41542300830351986
1620,0.395390064,0.37050429608046304
1621,0.357440889,0.4138376419897649
1622,0.0,0.006926954792661755
1623,0.326873392,0.4249352061860496
1624,0.411764711,0.4244067507481312
1625,0.0,0.006926954792661755
1626,0.0,0.006926954792661755
1627,0.507334948,0.442374235637354
1628,0.47482013700000003,0.4360327703823342
1629,0.573598146,0.44131732476151736
1630,0.0286,0.006926954792661755
1631,0.42019099,0.41806528549311145
1632,0.30379745399999997,0.37103275151838133
1633,0.0,0.006926954792661755
1634,0.0136,0.006926954792661755
1635,0.0,0.006926954792661755
1636,0.33291140199999997,0.3234717621057329
1637,0.0,0.006926954792661755
1638,0.576413929,0.4228213844343763
1639,0.47368422200000004,0.44131732476151736
1640,0.37273991100000003,0.3451384350603839
1641,0.419919252,0.44395960195110895
1642,0.0,0.006926954792661755
1643,0.406474829,0.4333904931927426
1644,0.40040651,0.31765875228863144
1645,0.0,0.006926954792661755
1646,0.320302635,0.33351241542618093
1647,0.0,0.006926954792661755
1648,0.388753057,0.41753683005519315
1649,0.0286,0.006926954792661755
1650,0.0,0.006926954792661755
1651,0.510948896,0.4249352061860496
1652,0.515114844,0.4434311465131906
1653,0.35694444200000003,0.3863579592180125
1654,0.0,0.006926954792661755
1655,0.490470141,0.45452871070947526
1656,0.45155039399999997,0.291764435830634
1657,0.495337993,0.4217644735585397
1658,0.424757272,0.40221162235556196
1659,0.37566137299999997,0.392170969035114
1660,0.454894423,0.31448801966112155
1661,0.360208064,0.3794880385250744
1662,0.32262212,0.4059108104209902
1663,0.0,0.006926954792661755
1664,0.44936707600000003,0.44713033457861884
1665,0.490470141,0.43391894863066094
1666,0.0,0.006926954792661755
1667,0.0,0.006926954792661755
1668,0.31166914100000004,0.3742034841458912
1669,0.0,0.006926954792661755
1670,0.479468584,0.43180512687898764
1671,0.0,0.006926954792661755
1672,0.511656463,0.45717098789906685
1673,0.0,0.006926954792661755
1674,0.488461524,0.4228213844343763
1675,0.0,0.006926954792661755
1676,0.0,0.006926954792661755
1677,0.466666669,0.44501651282694554
1678,0.573598146,0.4772522945399628
1679,0.0,0.006926954792661755
1680,0.490470141,0.4270490279377228
1681,0.310595065,0.3551790883808319
1682,0.339027584,0.3800164939629927
1683,0.0,0.006926954792661755
1684,0.0,0.006926954792661755
